Date,Open,High,Low,Close,Volume,Dividends,Stock Splits
2021-01-04 00:00:00-05:00,131.93617877355004,132.02510756732593,125.25636435012257,127.87493133544922,143301900,0.0,0.0
2021-01-05 00:00:00-05:00,127.36110023919089,130.17729943812822,126.90655014629793,129.45594787597656,97664900,0.0,0.0
2021-01-06 00:00:00-05:00,126.20498385176091,129.49548513032235,124.8808750400151,125.0982666015625,155088000,0.0,0.0
2021-01-07 00:00:00-05:00,126.83738889326119,130.06860423773435,126.34331991425624,129.3670196533203,109578200,0.0,0.0
2021-01-08 00:00:00-05:00,130.85910951047873,131.05674917483645,128.6852089026492,130.48362731933594,105158200,0.0,0.0
2021-01-11 00:00:00-05:00,127.6575430677507,128.62591402858624,126.97572547570736,127.45002746582031,100384500,0.0,0.0
2021-01-12 00:00:00-05:00,126.97573423146943,128.15162087532002,125.3551884988642,127.27217864990234,91951100,0.0,0.0
2021-01-13 00:00:00-05:00,127.23264824084902,129.89074197334213,126.96586182681587,129.33738708496094,88636800,0.0,0.0
2021-01-14 00:00:00-05:00,129.24846261297037,129.44608721147563,127.23265250596188,127.3808822631836,90221800,0.0,0.0
2021-01-15 00:00:00-05:00,127.25240446658043,128.67532553230225,125.49352011528224,125.6318588256836,111598500,0.0,0.0
2021-01-19 00:00:00-05:00,126.2642726405136,127.1832488224687,125.434240337824,126.31368255615234,90757300,0.0,0.0
2021-01-20 00:00:00-05:00,127.13386161103735,130.91843264243647,127.02516580833635,130.46388244628906,104319500,0.0,0.0
2021-01-21 00:00:00-05:00,132.2128837662278,138.01324971866222,132.0053681263372,135.2464599609375,120150900,0.0,0.0
2021-01-22 00:00:00-05:00,134.66346575899934,138.19112618878017,133.41841711908398,137.42037963867188,114459400,0.0,0.0
2021-01-25 00:00:00-05:00,141.3729154203613,143.36894338821304,134.92036020235494,141.2246856689453,157611700,0.0,0.0
2021-01-26 00:00:00-05:00,141.89662089506876,142.58831447007339,139.69306232912595,141.4618377685547,98390600,0.0,0.0
2021-01-27 00:00:00-05:00,141.72863753276044,142.5883279149893,138.7444713881024,140.37489318847656,140843800,0.0,0.0
2021-01-28 00:00:00-05:00,137.86501988349428,140.30572198338456,135.0784634477176,135.46383666992188,142621100,0.0,0.0
2021-01-29 00:00:00-05:00,134.2188040962106,135.1180134137766,128.66547262682244,130.39471435546875,177523800,0.0,0.0
2021-02-01 00:00:00-05:00,132.16345491564724,133.77412464904444,129.3768985727973,132.548828125,106239800,0.0,0.0
2021-02-02 00:00:00-05:00,134.11996060693224,134.69308243100681,133.01325092060262,133.3887481689453,83305400,0.0,0.0
2021-02-03 00:00:00-05:00,134.14961494098628,134.15950597117615,132.02512418517435,132.35121154785156,89880900,0.0,0.0
2021-02-04 00:00:00-05:00,134.68321758118782,135.77016037620277,132.99349490215303,135.76028442382812,84183100,0.0,0.0
2021-02-05 00:00:00-05:00,135.92357526918795,135.99284044101842,134.4490440365577,135.33969116210938,75693800,0.205,0.0
2021-02-08 00:00:00-05:00,134.61727820601723,135.5376276729387,133.51880535213607,135.48814392089844,71297200,0.0,0.0
2021-02-09 00:00:00-05:00,135.20115396757183,136.44807813981166,134.43916152933835,134.5974884033203,76774200,0.0,0.0
2021-02-10 00:00:00-05:00,135.06260888491136,135.56732204184615,133.00420851429243,133.9839324951172,73046600,0.0,0.0
2021-02-11 00:00:00-05:00,134.48861589241844,134.9735324745745,132.3807470972342,133.72662353515625,64280000,0.0,0.0
2021-02-12 00:00:00-05:00,132.9547305444121,134.122468550557,132.30158126962556,133.96412658691406,60145100,0.0,0.0
2021-02-16 00:00:00-05:00,134.08289467442495,134.5974834213827,131.4109230329942,131.80677795410156,80576300,0.0,0.0
2021-02-17 00:00:00-05:00,129.88691626441883,130.84684363455102,128.12540348424892,129.48117065429688,97918500,0.0,0.0
2021-02-18 00:00:00-05:00,127.8582019342484,128.6498966258562,126.08679846331023,128.3629150390625,96856700,0.0,0.0
2021-02-19 00:00:00-05:00,128.88740789594445,129.35252795498448,127.46236048955113,128.521240234375,87668800,0.0,0.0
2021-02-22 00:00:00-05:00,126.68057213448142,128.37281991326662,124.2956046368862,124.69145202636719,103916400,0.0,0.0
2021-02-23 00:00:00-05:00,122.47470543510465,125.39406549517248,117.16047229660344,124.55289459228516,158273000,0.0,0.0
2021-02-24 00:00:00-05:00,123.642449200339,124.25600541358835,120.96059456941713,124.04818725585938,111039900,0.0,0.0
2021-02-25 00:00:00-05:00,123.38513949226902,125.14665214178812,119.2881359557004,119.73345947265625,148199500,0.0,0.0
2021-02-26 00:00:00-05:00,121.31686081122332,123.55339211707667,119.94129700080542,120.00067901611328,164560400,0.0,0.0
2021-03-01 00:00:00-05:00,122.46480114170464,126.60139028227528,121.5147720752306,126.46284484863281,116307900,0.0,0.0
2021-03-02 00:00:00-05:00,127.07642024779078,127.38319837183248,123.7117289431895,123.82058715820312,102260900,0.0,0.0
2021-03-03 00:00:00-05:00,123.51379080885134,124.4044454228206,120.57463435783272,120.79235076904297,112966300,0.0,0.0
2021-03-04 00:00:00-05:00,120.48557890072571,122.31636442121803,117.3880878860584,118.88240051269531,178155000,0.0,0.0
2021-03-05 00:00:00-05:00,119.72357131510722,120.67360037497758,116.34898208302708,120.15899658203125,153766600,0.0,0.0
2021-03-08 00:00:00-05:00,119.67408851002844,119.74336122691365,115.00310659959763,115.15155029296875,154376600,0.0,0.0
2021-03-09 00:00:00-05:00,117.79381682426222,120.79234765553628,117.5563114500456,119.8324203491211,129525800,0.0,0.0
2021-03-10 00:00:00-05:00,120.42621081055992,120.90122162092308,118.20946852832951,118.73397064208984,111943300,0.0,0.0
2021-03-11 00:00:00-05:00,121.26736814495092,121.93040808295405,120.00066272603156,120.69338989257812,103026500,0.0,0.0
2021-03-12 00:00:00-05:00,119.14959394919664,119.91159383458607,117.92247401486463,119.7730484008789,88105100,0.0,0.0
2021-03-15 00:00:00-04:00,120.14910879742663,122.71220691454889,119.16938493513882,122.70230865478516,92403800,0.0,0.0
2021-03-16 00:00:00-04:00,124.39455446988754,125.89877291742624,123.42473637228002,124.26590728759766,115227900,0.0,0.0
2021-03-17 00:00:00-04:00,122.76169187481891,124.55289185156984,121.06944429604177,123.46431732177734,111932600,0.0,0.0
2021-03-18 00:00:00-04:00,121.60384454770339,121.90073196050628,119.0704334790514,119.27825164794922,121229700,0.0,0.0
2021-03-19 00:00:00-04:00,118.65478902035879,120.16889811167263,118.43707260589221,118.74385070800781,185549500,0.0,0.0
2021-03-22 00:00:00-04:00,119.08033261328758,122.58356937932864,119.01105988981334,122.10855102539062,111912300,0.0,0.0
2021-03-23 00:00:00-04:00,122.04917623796457,122.9497216407353,120.87153239187305,121.26737976074219,95467100,0.0,0.0
2021-03-24 00:00:00-04:00,121.54446271668,121.62363369531585,118.82302261489374,118.84281158447266,88530500,0.0,0.0
2021-03-25 00:00:00-04:00,118.29853277359437,120.3965184894709,117.7641399719043,119.3376235961914,98844700,0.0,0.0
2021-03-26 00:00:00-04:00,119.10011795693379,120.21838730916663,117.68496874892188,119.95118713378906,94071200,0.0,0.0
2021-03-29 00:00:00-04:00,120.38662015280558,121.30696205232763,119.47617651353825,120.12931823730469,80819200,0.0,0.0
2021-03-30 00:00:00-04:00,118.86261858967076,119.14960774992234,117.62560025246259,118.65480041503906,85671900,0.0,0.0
2021-03-31 00:00:00-04:00,120.38662425224824,122.23719882440308,119.89181692490662,120.88143157958984,118323800,0.0,0.0
2021-04-01 00:00:00-04:00,122.37575214211374,122.89034844182356,121.21789725498547,121.72260284423828,75089100,0.0,0.0
2021-04-05 00:00:00-04:00,122.5835670281263,124.8497854385458,121.79187230346815,124.59248352050781,88651200,0.0,0.0
2021-04-06 00:00:00-04:00,125.18625827008904,125.80971280665685,124.3450872937214,124.8992691040039,80171300,0.0,0.0
2021-04-07 00:00:00-04:00,124.52321426788694,126.59150527968937,123.84037773759779,126.57171630859375,83466700,0.0,0.0
2021-04-08 00:00:00-04:00,127.61078919622143,129.03583651953463,127.18526220123387,129.0061492919922,88844600,0.0,0.0
2021-04-09 00:00:00-04:00,128.45199503776743,131.65833710035122,128.12542036466678,131.61875915527344,106686700,0.0,0.0
2021-04-12 00:00:00-04:00,131.14373493675035,131.4703095765421,129.2733638909038,129.8770294189453,91420000,0.0,0.0
2021-04-13 00:00:00-04:00,131.06456628685098,133.26151201158746,130.55985315259028,133.0338897705078,91266500,0.0,0.0
2021-04-14 00:00:00-04:00,133.53859556562574,133.59797002514122,130.29266090933683,130.6588134765625,87222800,0.0,0.0
2021-04-15 00:00:00-04:00,132.4302339880869,133.5979719764681,132.25209550661828,133.10316467285156,89347100,0.0,0.0
2021-04-16 00:00:00-04:00,132.90525382446043,133.271406421975,131.89584262823573,132.76670837402344,84922400,0.0,0.0
2021-04-19 00:00:00-04:00,132.12344692950595,134.06309829416725,131.955214250479,133.43963623046875,94264200,0.0,0.0
2021-04-20 00:00:00-04:00,133.61776760899076,134.1224656192112,130.4410980967362,131.72760009765625,94812300,0.0,0.0
2021-04-21 00:00:00-04:00,130.98538068158913,132.360944283589,129.93639168873855,132.11354064941406,68847100,0.0,0.0
2021-04-22 00:00:00-04:00,131.65831488446747,132.75678765397,130.04525341417303,130.5697479248047,84566500,0.0,0.0
2021-04-23 00:00:00-04:00,130.78747753123116,133.71672847854072,130.78747753123116,132.925048828125,78657500,0.0,0.0
2021-04-26 00:00:00-04:00,133.42975055397005,133.65735770473216,132.17293566873946,133.32089233398438,66905100,0.0,0.0
2021-04-27 00:00:00-04:00,133.6078647053329,134.0037196144001,132.71721758549302,132.9943084716797,66015800,0.0,0.0
2021-04-28 00:00:00-04:00,132.91514826934318,133.61778135222085,131.69792641342593,132.19273376464844,107760100,0.0,0.0
2021-04-29 00:00:00-04:00,135.0527186329164,135.64649349003741,131.0744633309781,132.09376525878906,151101000,0.0,0.0
2021-04-30 00:00:00-04:00,130.41141064078445,132.17292341887872,129.7087927317138,130.09474182128906,109839500,0.0,0.0
2021-05-03 00:00:00-04:00,130.66870588078805,132.67763742247408,130.46089526978915,131.16351318359375,75135100,0.0,0.0
2021-05-04 00:00:00-04:00,129.82754109875287,130.12442849723612,125.38416613229735,126.52222442626953,137564700,0.0,0.0
2021-05-05 00:00:00-04:00,127.85821277136414,129.09523111299947,126.640990951285,126.76964569091797,84000900,0.0,0.0
2021-05-06 00:00:00-04:00,126.56183056232705,128.40251461281267,125.80972123359409,128.3926239013672,78128300,0.0,0.0
2021-05-07 00:00:00-04:00,129.71102766264914,130.11744733894915,128.3529424850617,129.07659912109375,78973300,0.22,0.0
2021-05-10 00:00:00-04:00,128.28356379085128,128.4124219297406,125.70618924948413,125.74584197998047,88071200,0.0,0.0
2021-05-11 00:00:00-04:00,122.42500746518449,125.17089296887632,121.70135834435692,124.81403350830078,126142800,0.0,0.0
2021-05-12 00:00:00-04:00,122.3258683673853,123.55507269140227,121.1858770097073,121.70134735107422,112172300,0.0,0.0
2021-05-13 00:00:00-04:00,123.49559750128805,125.05193116270581,123.17838323790942,123.8822021484375,105861300,0.0,0.0
2021-05-14 00:00:00-04:00,125.15107780390284,126.7768020907325,124.7545580249963,126.34062957763672,81918000,0.0,0.0
2021-05-17 00:00:00-04:00,125.7161064077408,125.82514952766786,124.08046717181993,125.17089080810547,74244600,0.0,0.0
2021-05-18 00:00:00-04:00,125.45835906697862,125.88461644471504,123.6938542447624,123.76324462890625,63342900,0.0,0.0
2021-05-19 00:00:00-04:00,122.08797886275565,123.83265380397,121.79058713530607,123.60466003417969,92612000,0.0,0.0
2021-05-20 00:00:00-04:00,124.13994661034627,126.60827044315172,124.01107334692051,126.20183563232422,76857100,0.0,0.0
2021-05-21 00:00:00-04:00,126.7073992332937,126.88583273810106,124.12011719507956,124.33820343017578,79295400,0.0,0.0
2021-05-24 00:00:00-04:00,124.91315904287815,126.82635982842046,124.84376865430346,125.99366760253906,63092900,0.0,0.0
2021-05-25 00:00:00-04:00,126.70739258670463,127.20304790782264,125.22044931230441,125.79540252685547,72009500,0.0,0.0
2021-05-26 00:00:00-04:00,125.85488509809916,126.28114249720356,125.31958458087605,125.74584197998047,56575900,0.0,0.0
2021-05-27 00:00:00-04:00,125.33941301044669,126.52896465709985,123.99125044398117,124.18950653076172,94625600,0.0,0.0
2021-05-28 00:00:00-04:00,124.47698002526354,124.70498132602285,123.46586190729442,123.52533721923828,71311100,0.0,0.0
2021-06-01 00:00:00-04:00,123.9912588260194,124.25890531756504,122.86118241640818,123.1982192993164,67637100,0.0,0.0
2021-06-02 00:00:00-04:00,123.19821096152168,124.14985379136884,122.97021721803988,123.97142028808594,59278900,0.0,0.0
2021-06-03 00:00:00-04:00,123.5947216360145,123.7632400537078,122.05821060579254,122.46464538574219,76229200,0.0,0.0
2021-06-04 00:00:00-04:00,122.99004699015154,125.06185876397495,122.77196074417166,124.79420471191406,75169300,0.0,0.0
2021-06-07 00:00:00-04:00,125.07176177485603,125.2204576247638,123.74342932511294,124.80411529541016,71057600,0.0,0.0
2021-06-08 00:00:00-04:00,125.49801427291797,127.34183215153443,125.11140961605825,125.63679504394531,74403800,0.0,0.0
2021-06-09 00:00:00-04:00,126.10270481139119,126.63800531087007,125.41870846822627,126.02339935302734,56877900,0.0,0.0
2021-06-10 00:00:00-04:00,125.9143660339546,127.0741876545455,124.84377251469544,125.01229095458984,71186400,0.0,0.0
2021-06-11 00:00:00-04:00,125.42862355484752,126.33070612711832,125.0023661698266,126.24148559570312,53522400,0.0,0.0
2021-06-14 00:00:00-04:00,126.70739606827901,129.40371359370513,125.96392441065032,129.34423828125,96906500,0.0,0.0
2021-06-15 00:00:00-04:00,128.8089425851981,129.46320126013543,128.26372702275034,128.5115509033203,62746300,0.0,0.0
2021-06-16 00:00:00-04:00,129.23519132570644,129.75066922828108,127.34182838961748,129.01710510253906,91815000,0.0,0.0
2021-06-17 00:00:00-04:00,128.6701690054911,131.3962318440567,128.52146559326,130.64283752441406,96721700,0.0,0.0
2021-06-18 00:00:00-04:00,129.57225627638434,130.36528066628767,129.10634612803227,129.32443237304688,108953300,0.0,0.0
2021-06-21 00:00:00-04:00,129.16578578548396,131.2574195572472,128.08527749546482,131.14837646484375,79663300,0.0,0.0
2021-06-22 00:00:00-04:00,130.9798788852548,132.91290207959966,130.47430850106306,132.8137664794922,74783600,0.0,0.0
2021-06-23 00:00:00-04:00,132.6056223206693,133.1508379491899,132.07031420322323,132.53622436523438,60214200,0.0,0.0
2021-06-24 00:00:00-04:00,133.27970491900606,133.4680535236867,131.7729312075332,132.24876403808594,68711000,0.0,0.0
2021-06-25 00:00:00-04:00,132.29831448312484,132.72456432115993,131.6539632819021,131.95135498046875,70783700,0.0,0.0
2021-06-28 00:00:00-04:00,132.24874147544892,134.07272163680008,132.1892661632698,133.6068115234375,62111300,0.0,0.0
2021-06-29 00:00:00-04:00,133.62664480562256,135.30193672584394,133.18056482784033,135.14332580566406,64556100,0.0,0.0
2021-06-30 00:00:00-04:00,134.98470561354952,136.2139174715556,134.6873139401322,135.76783752441406,63261400,0.0,0.0
2021-07-01 00:00:00-04:00,135.41098330760113,136.13462485122963,134.57828351833473,136.0751495361328,52485800,0.0,0.0
2021-07-02 00:00:00-04:00,136.69966326258123,138.78139016545146,136.55097496636384,138.7417449951172,78852600,0.0,0.0
2021-07-06 00:00:00-04:00,138.85077492085867,141.9039519033873,138.85077492085867,140.78379821777344,108181800,0.0,0.0
2021-07-07 00:00:00-04:00,142.29055143604822,143.62880643044792,141.4182216693142,143.3115997314453,104911600,0.0,0.0
2021-07-08 00:00:00-04:00,140.34762508623882,142.8060338027429,139.4455425099917,141.99317932128906,105575500,0.0,0.0
2021-07-09 00:00:00-04:00,141.50745029221565,144.38220155074097,141.408314679451,143.84690856933594,99890800,0.0,0.0
2021-07-12 00:00:00-04:00,144.93732475482128,145.04636786715048,142.74655499837803,143.24220275878906,76299700,0.0,0.0
2021-07-13 00:00:00-04:00,142.7763125780571,146.17646455446481,142.37980036478353,144.37229919433594,100827100,0.0,0.0
2021-07-14 00:00:00-04:00,146.81086693257978,148.26807250117736,146.39450951929308,147.85171508789062,127050800,0.0,0.0
2021-07-15 00:00:00-04:00,147.94095534404696,148.69433452696776,145.8096608069118,147.18756103515625,106820300,0.0,0.0
2021-07-16 00:00:00-04:00,147.16774219754407,148.45641429591134,144.61019789489802,145.11575317382812,93251400,0.0,0.0
2021-07-19 00:00:00-04:00,142.49872437270523,142.8159461848172,140.43682797188308,141.2100372314453,121434600,0.0,0.0
2021-07-20 00:00:00-04:00,142.2112658193139,145.81958100513353,141.7156180458443,144.87783813476562,96350000,0.0,0.0
2021-07-21 00:00:00-04:00,144.26322688763003,144.85801021320887,143.37106702523002,144.1343536376953,74993500,0.0,0.0
2021-07-22 00:00:00-04:00,144.66968669107783,146.9100093699731,144.54081341884157,145.52220153808594,77338200,0.0,0.0
2021-07-23 00:00:00-04:00,146.26565792573442,147.42547187634926,145.64113690387668,147.26686096191406,71447400,0.0,0.0
2021-07-26 00:00:00-04:00,146.97941166704652,148.525830475687,146.41436588067407,147.69314575195312,72434100,0.0,0.0
2021-07-27 00:00:00-04:00,147.82199778602663,147.91122588742675,144.28308029359133,145.49246215820312,104818600,0.0,0.0
2021-07-28 00:00:00-04:00,143.5494991579793,145.69070107154016,141.29925413421023,143.718017578125,118931200,0.0,0.0
2021-07-29 00:00:00-04:00,143.4305713433327,145.27438187440038,143.32152821578677,144.37229919433594,56699500,0.0,0.0
2021-07-30 00:00:00-04:00,143.1232645448784,145.05628795287384,142.8556104957804,144.5903778076172,70440600,0.0,0.0
2021-08-02 00:00:00-04:00,145.0860110116752,145.67087173058115,143.9856723938504,144.25332641601562,62880000,0.0,0.0
2021-08-03 00:00:00-04:00,144.54080512039536,146.75139001354722,143.91628406891599,146.0773162841797,64786600,0.0,0.0
2021-08-04 00:00:00-04:00,145.98810502635084,146.50356783981036,145.00671695193137,145.67088317871094,56368300,0.0,0.0
2021-08-05 00:00:00-04:00,145.70061702551575,146.5531318112885,144.8976700428866,145.77992248535156,46397700,0.0,0.0
2021-08-06 00:00:00-04:00,145.29346681630915,146.04797472238633,144.5786634742858,145.08497619628906,54126800,0.22,0.0
2021-08-09 00:00:00-04:00,145.14453057606292,145.64092090987205,144.4694469934253,145.0353240966797,48908700,0.0,0.0
2021-08-10 00:00:00-04:00,145.38282138852693,146.64365723411314,144.25105189327166,144.54888916015625,69023100,0.0,0.0
2021-08-11 00:00:00-04:00,144.99563761008002,145.6607989224655,144.47938735694774,144.8070068359375,48493500,0.0,0.0
2021-08-12 00:00:00-04:00,145.13463451212638,147.97398834177147,144.78715515606635,147.8151397705078,72282600,0.0,0.0
2021-08-13 00:00:00-04:00,147.8945542562901,148.3611624355625,147.19961073885221,148.02362060546875,59375000,0.0,0.0
2021-08-16 00:00:00-04:00,147.46766106012072,150.0985394065557,145.4126125741961,150.02903747558594,103296000,0.0,0.0
2021-08-17 00:00:00-04:00,149.14546323569508,150.58499244215355,148.01369366974308,149.1057586669922,92229700,0.0,0.0
2021-08-18 00:00:00-04:00,148.71855869089248,149.63191515882613,145.09489988099727,145.3033905029297,86326000,0.0,0.0
2021-08-19 00:00:00-04:00,143.98301834338673,146.93157894353635,143.45684565770947,145.64096069335938,86960300,0.0,0.0
2021-08-20 00:00:00-04:00,146.37560785965402,147.42795311467103,145.72036887680574,147.1201934814453,60549600,0.0,0.0
2021-08-23 00:00:00-04:00,147.23932441506267,149.1057572476367,146.82235827880044,148.6292266845703,60131800,0.0,0.0
2021-08-24 00:00:00-04:00,148.3710850416979,149.77090958189103,148.07324777696687,148.53985595703125,48606400,0.0,0.0
2021-08-25 00:00:00-04:00,148.72846936777228,149.23479720329843,146.7329856796932,147.2889404296875,58991300,0.0,0.0
2021-08-26 00:00:00-04:00,147.27904926900777,148.0434796378346,146.4451018187623,146.47488403320312,48597200,0.0,0.0
2021-08-27 00:00:00-04:00,146.41531211126528,147.67614800305995,145.7700106332262,147.52723693847656,55802400,0.0,0.0
2021-08-30 00:00:00-04:00,147.92433545739297,152.38192659012006,147.53715156113435,152.01458740234375,90956700,0.0,0.0
2021-08-31 00:00:00-04:00,151.5579271539952,151.69691586609366,150.1978070977816,150.73391723632812,86453100,0.0,0.0
2021-09-01 00:00:00-04:00,151.726693714049,153.86116640599838,151.24022566138424,151.40899658203125,80313700,0.0,0.0
2021-09-02 00:00:00-04:00,152.75918448318168,153.60305426481054,151.2997954223523,152.540771484375,71115500,0.0,0.0
2021-09-03 00:00:00-04:00,152.64997081576283,153.5137004154431,151.98480949558882,153.1860809326172,57808700,0.0,0.0
2021-09-07 00:00:00-04:00,153.85125357194397,156.12471511267862,153.2754388460042,155.558837890625,82278300,0.0,0.0
2021-09-08 00:00:00-04:00,155.84672967022723,155.9062940959472,152.8683871951633,153.990234375,74420200,0.0,0.0
2021-09-09 00:00:00-04:00,154.36749536153332,154.98301462319301,152.83860441345627,152.95774841308594,57305700,0.0,0.0
2021-09-10 00:00:00-04:00,153.881013096726,154.35754360534415,147.62649147016498,147.89454650878906,140893200,0.0,0.0
2021-09-13 00:00:00-04:00,149.54257248287047,150.32686262708447,147.67613978458527,148.47036743164062,102404300,0.0,0.0
2021-09-14 00:00:00-04:00,149.26457084811588,149.97937409956623,145.84940312421534,147.0506591796875,109296300,0.0,0.0
2021-09-15 00:00:00-04:00,147.48750864787667,148.3611605723309,145.31331633955773,147.95411682128906,83281300,0.0,0.0
2021-09-16 00:00:00-04:00,147.36837141103695,147.89454397685626,146.15717772970117,147.71583557128906,68034100,0.0,0.0
2021-09-17 00:00:00-04:00,147.74565431672187,147.74565431672187,144.7077321713693,145.0055694580078,129868800,0.0,0.0
2021-09-20 00:00:00-04:00,142.76185774436513,143.79434293504033,140.25012396023303,141.90806579589844,123478900,0.0,0.0
2021-09-21 00:00:00-04:00,142.8909369214647,143.55611340524726,141.749245031764,142.39454650878906,75834000,0.0,0.0
2021-09-22 00:00:00-04:00,143.4071712738672,145.37287284824978,142.66258573750378,144.7970733642578,76404300,0.0,0.0
2021-09-23 00:00:00-04:00,145.5912958541257,146.01819946835863,144.5885927162068,145.77000427246094,64838200,0.0,0.0
2021-09-24 00:00:00-04:00,144.6084462037055,146.40537691907133,144.50916207026674,145.85934448242188,53477900,0.0,0.0
2021-09-27 00:00:00-04:00,144.41982552220634,144.9062935722087,142.781743246525,144.32054138183594,74150700,0.0,0.0
2021-09-28 00:00:00-04:00,142.2158666187681,143.7050379969751,140.66713080921437,140.8855438232422,108972300,0.0,0.0
2021-09-29 00:00:00-04:00,141.44147223156926,143.40717384114183,141.00464628530165,141.7988739013672,74602000,0.0,0.0
2021-09-30 00:00:00-04:00,142.62289530021062,143.33769869780687,140.26007211656562,140.47848510742188,89056700,0.0,0.0
2021-10-01 00:00:00-04:00,140.87559260603106,141.88823328625858,138.10574077758397,141.62017822265625,94639600,0.0,0.0
2021-10-04 00:00:00-04:00,140.73659402981673,141.18335748737573,137.27179889849654,138.13551330566406,98322000,0.0,0.0
2021-10-05 00:00:00-04:00,138.4830084385473,141.21315581978507,138.35394207841688,140.09130859375,80861100,0.0,0.0
2021-10-06 00:00:00-04:00,138.46313464828162,141.12377982986368,137.37106974621003,140.97486877441406,83221100,0.0,0.0
2021-10-07 00:00:00-04:00,142.02721885678358,143.17884822071952,141.68967702037807,142.25555419921875,61732700,0.0,0.0
2021-10-08 00:00:00-04:00,142.99020951637337,143.13912056869756,141.53082060906831,141.8683624267578,58773200,0.0,0.0
2021-10-11 00:00:00-04:00,141.24291205442455,143.76456832460383,140.7862262747098,141.7790069580078,64452200,0.0,0.0
2021-10-12 00:00:00-04:00,142.1959874810475,142.21584733834885,140.0217951398423,140.4884033203125,73035900,0.0,0.0
2021-10-13 00:00:00-04:00,140.220365453066,140.37919886788706,138.19508414061116,139.8927459716797,78762700,0.0,0.0
2021-10-14 00:00:00-04:00,141.08407056010842,142.84129669898005,140.48839606090831,142.72215270996094,69907100,0.0,0.0
2021-10-15 00:00:00-04:00,142.73208979597638,143.85392171982454,142.47395711104798,143.7943572998047,67940300,0.0,0.0
2021-10-18 00:00:00-04:00,142.41440825330164,145.7799346898761,142.1265084755349,145.49203491210938,85589200,0.0,0.0
2021-10-19 00:00:00-04:00,145.94868420254946,148.09309413477956,145.49201356707135,147.68605041503906,76378900,0.0,0.0
2021-10-20 00:00:00-04:00,147.62649454441637,148.6689173619898,147.05067989138885,148.1824493408203,58418800,0.0,0.0
2021-10-21 00:00:00-04:00,147.73571754701172,148.5597274797309,146.80250111360365,148.40087890625,61421000,0.0,0.0
2021-10-22 00:00:00-04:00,148.6093732935232,149.0958262326827,147.5669503331849,147.61659240722656,58883400,0.0,0.0
2021-10-25 00:00:00-04:00,147.60662961207794,148.29165073003142,146.5542844766955,147.56692504882812,50720600,0.0,0.0
2021-10-26 00:00:00-04:00,148.25195726650685,149.75105080668752,147.93426014219608,148.24203491210938,60893400,0.0,0.0
2021-10-27 00:00:00-04:00,148.2817338730974,148.64905790414284,147.41801946555506,147.77542114257812,56094900,0.0,0.0
2021-10-28 00:00:00-04:00,148.73843480505107,152.06424157648976,148.639150660206,151.4685821533203,100077900,0.0,0.0
2021-10-29 00:00:00-04:00,146.1571756162808,148.85754032755958,145.35302567443514,148.7185516357422,124953200,0.0,0.0
2021-11-01 00:00:00-04:00,147.9144105067315,148.61927636129056,146.73299898157887,147.88462829589844,74588300,0.0,0.0
2021-11-02 00:00:00-04:00,147.58678357458552,150.4757790683375,147.57684607238897,148.9369659423828,69122000,0.0,0.0
2021-11-03 00:00:00-04:00,149.30429741272886,150.87289282634572,148.73842025862822,150.3963623046875,54511500,0.0,0.0
2021-11-04 00:00:00-04:00,150.48569739712335,151.32955188653293,149.55248113349194,149.87017822265625,60394600,0.0,0.0
2021-11-05 00:00:00-04:00,151.01353940301072,151.32174816407235,149.19409734143946,150.4070587158203,65463900,0.22,0.0
2021-11-08 00:00:00-05:00,150.53633402803862,150.69541443317985,149.29354680801467,149.57192993164062,55020900,0.0,0.0
2021-11-09 00:00:00-05:00,149.33329285624842,150.55619109808939,149.1941013097847,149.9397735595703,56787900,0.0,0.0
2021-11-10 00:00:00-05:00,149.15435589213533,149.26372177480076,146.9968790893196,147.06646728515625,65187100,0.0,0.0
2021-11-11 00:00:00-05:00,148.10046077967547,148.56773477525977,146.82783282384352,147.01673889160156,41000000,0.0,0.0
2021-11-12 00:00:00-05:00,147.5735007103678,149.53213434836766,146.6289855703415,149.12451171875,63804000,0.0,0.0
2021-11-15 00:00:00-05:00,149.50230530059585,151.00360175811997,148.56772701675072,149.1344451904297,59222800,0.0,0.0
2021-11-16 00:00:00-05:00,149.0748115166257,150.6158706671435,148.47826759683105,150.12869262695312,59256200,0.0,0.0
2021-11-17 00:00:00-05:00,150.12868689023622,154.10560574825575,150.11875005455812,152.6043243408203,88807000,0.0,0.0
2021-11-18 00:00:00-05:00,152.8230463329006,157.75441690632866,152.16685112225184,156.9590301513672,137827700,0.0,0.0
2021-11-19 00:00:00-05:00,156.74030570805746,160.09087010399858,155.62677330173992,159.6235809326172,117305600,0.0,0.0
2021-11-22 00:00:00-05:00,160.74704614285213,164.74385367348816,160.07097724761283,160.0908660888672,117467900,0.0,0.0
2021-11-23 00:00:00-05:00,160.19028732266452,160.8663714197456,158.14217653073516,160.47862243652344,96041900,0.0,0.0
2021-11-24 00:00:00-05:00,159.82243361852088,161.2044123754843,158.71883798017294,161.0055694580078,69463600,0.0,0.0
2021-11-26 00:00:00-05:00,158.64925047967537,159.52416235454638,155.45776626701243,155.90516662597656,76959800,0.0,0.0
2021-11-29 00:00:00-05:00,158.450378518616,160.25988380985393,157.87372348637777,159.31536865234375,88748200,0.0,0.0
2021-11-30 00:00:00-05:00,159.06681874881656,164.56490790004904,158.9972153862923,164.34617614746094,174048100,0.0,0.0
2021-12-01 00:00:00-05:00,166.51358307146032,169.31731805965157,163.58060854057484,163.81922912597656,152052500,0.0,0.0
2021-12-02 00:00:00-05:00,157.82404089883207,163.25252700752526,156.88946247736482,162.8150634765625,136739200,0.0,0.0
2021-12-03 00:00:00-05:00,163.0735565230208,164.00813485046558,158.7983658606357,160.9061279296875,118023100,0.0,0.0
2021-12-06 00:00:00-05:00,163.34200298354241,166.91129940389416,163.3320661472643,164.36607360839844,107497000,0.0,0.0
2021-12-07 00:00:00-05:00,168.10435698820726,170.58993120112007,167.3686215597183,170.19223022460938,120405400,0.0,0.0
2021-12-08 00:00:00-05:00,171.13677317161174,174.94467496685252,169.71501672828407,174.0697479248047,116998900,0.0,0.0
2021-12-09 00:00:00-05:00,173.90072083903902,175.73009984996457,172.91642797247195,173.552734375,108923700,0.0,0.0
2021-12-10 00:00:00-05:00,174.19901085737013,178.59350477619674,173.6820071108191,178.41453552246094,115402700,0.0,0.0
2021-12-13 00:00:00-05:00,180.07488248047267,181.07906420944948,174.51714197280188,174.72593688964844,153237000,0.0,0.0
2021-12-14 00:00:00-05:00,174.23877100884377,176.7144086518348,171.21631911696977,173.32408142089844,139380400,0.0,0.0
2021-12-15 00:00:00-05:00,174.0995710638402,178.46423903279873,171.31572474672893,178.26539611816406,131063300,0.0,0.0
2021-12-16 00:00:00-05:00,178.24550336676782,180.09477125672774,169.76472505080284,171.26600646972656,150185800,0.0,0.0
2021-12-17 00:00:00-05:00,168.949456390419,172.46903824800842,168.71085095650935,170.15248107910156,195432700,0.0,0.0
2021-12-20 00:00:00-05:00,167.3089736725762,169.59570502998537,166.49371320263393,168.77049255371094,107499100,0.0,0.0
2021-12-21 00:00:00-05:00,170.5700344984383,172.2005705001319,168.1441117511219,171.99179077148438,91185900,0.0,0.0
2021-12-22 00:00:00-05:00,172.04149219944725,174.84522709829068,171.1566284165498,174.62649536132812,92135300,0.0,0.0
2021-12-23 00:00:00-05:00,174.8353058764972,175.82953561666324,174.25865080671184,175.2628173828125,68356600,0.0,0.0
2021-12-27 00:00:00-05:00,176.0681492586359,179.37893626832664,176.04827558583963,179.28945922851562,74919600,0.0,0.0
2021-12-28 00:00:00-05:00,179.1204222640714,180.28366916576843,177.49982303579066,178.25543212890625,79144300,0.0,0.0
2021-12-29 00:00:00-05:00,178.29521040858907,179.58771202727155,177.11207466158146,178.3449249267578,62348900,0.0,0.0
2021-12-30 00:00:00-05:00,178.43441369589706,179.52807248459536,177.0623717920286,177.17173767089844,59773000,0.0,0.0
2021-12-31 00:00:00-05:00,177.06236817299694,178.19578945323522,176.23715568034442,176.54537963867188,64062300,0.0,0.0
